-5.008012820512819872e+02,-8.988052340923337397e+03,-2.565459527854215412e+04
-4.998231545472755784e+02,-2.819627248014793804e+04,-6.475395341023680885e+03
-4.988450270432692264e+02,-8.476922959391089535e+03,4.038082317597340989e+03
-4.978668995392627608e+02,-1.220685185054030080e+04,-1.030959355663978386e+04
-4.968887720352564088e+02,-1.626648538382919105e+04,6.544041913981368452e+03
-4.959106445312499432e+02,6.381937491449784829e+03,-2.031838433564673778e+03
-4.949325170272435912e+02,-1.373335730568887266e+04,-2.042167966342058571e+04
-4.939543895232371256e+02,-1.993503760555678673e+04,6.472003296178369965e+03
-4.929762620192307736e+02,5.975966582636098792e+03,-1.909323482829633349e+03
-4.919981345152243080e+02,-1.348661432846403295e+04,-1.844278454260654325e+04
-4.910200070112178992e+02,-1.523174987570572011e+04,4.538136919996096367e+03
-4.900418795072114904e+02,2.388873220191517248e+03,-8.456924731358503777e+03
-4.890637520032050816e+02,-2.008803518572248868e+04,-1.401861282170931918e+04
-4.880856244991986728e+02,-1.245331839049494738e+04,9.357938125172180662e+03
-4.871074969951922640e+02,2.132163135959112878e+03,-6.390255308970117767e+03
-4.861293694911859120e+02,-1.363095463469814422e+04,-4.546211781400291329e+03
-4.851512419871794464e+02,6.084386424661945966e+03,4.388690372549319363e+03
-4.841731144831730376e+02,4.497309489422692423e+03,-2.636742424930515699e+04
-4.831949869791666288e+02,-2.521656608428836989e+04,-1.350870376908686376e+04
-4.822168594751602200e+02,-3.491279399351629309e+03,4.316358207223811405e+03
-4.812387319711538112e+02,-2.201291065405504924e+03,-1.996454999889008104e+04
-4.802606044671474024e+02,-2.002150900616528088e+04,-6.881288902135566786e+03
-4.792824769631409936e+02,7.811566226756854121e+02,-3.138200428676659612e+03
-4.783043494591345848e+02,-1.135952664733406345e+04,-2.311044614652124437e+04
-4.773262219551281191e+02,-2.215771339224192707e+04,-2.689852623210038018e+02
-4.763480944511217672e+02,2.201113591964491661e+03,-4.367253595420024794e+03
-4.753699669471153015e+02,-1.701311450331045489e+04,-2.179274280258899671e+04
-4.743918394431089496e+02,-2.283525047932510279e+04,5.743677277147357017e+03
-4.734137119391025408e+02,1.519156497586962587e+03,-6.859066830934916652e+02
-4.724355844350961320e+02,-1.450759977753571729e+04,-1.145641582191312045e+04
-4.714574569310897232e+02,-7.634960947731457054e+03,8.346706192100244152e+03
-4.704793294270833144e+02,7.935939673804041377e+03,-1.302663668556404627e+04
-4.695012019230769056e+02,-2.032516271231125211e+04,-1.769331386963223849e+04
-4.685230744190704399e+02,-1.270039534006569556e+04,8.292912476147188499e+03
-4.675449469150640880e+02,2.629003324323593006e+03,-7.302817555235264081e+03
-4.665668194110576223e+02,-1.403799284120761149e+04,-7.631609684509653562e+03
-4.655886919070512704e+02,-2.062945754935065452e+03,3.532407853937321761e+03
-4.646105644030448047e+02,-1.497908688691475618e+03,-1.204222260009928868e+04
-4.636324368990384528e+02,-1.126134407596943129e+04,9.567761424097934869e-03
-4.626543093950319872e+02,9.847294789789604692e+03,-1.430131141984880969e+03
-4.616761818910256352e+02,-3.343308767800413989e+03,-2.278604902283109186e+04
-4.606980543870192264e+02,-1.562223115371243148e+04,-9.341206219985795087e+02
-4.597199268830127608e+02,8.582030095384243396e+03,-2.146983485655909135e+03
-4.587417993790064088e+02,-4.074755105641160299e+03,-2.023714513997191898e+04
-4.577636718749999432e+02,-8.916300792088957678e+03,-2.681643784317558584e+03
-4.567855443709935912e+02,5.184463391957649037e+03,-1.299886330354405800e+04
-4.558074168669871256e+02,-1.600946067090485485e+04,-1.627713297991459876e+04
-4.548292893629807736e+02,-5.353801691459460017e+03,7.307578360334709032e+03
-4.538511618589743080e+02,1.081758192074944054e+04,-1.416884642489636462e+04
-4.528730343549678992e+02,-1.355630174068456836e+04,-1.501799281552491266e+04
-4.518949068509614904e+02,3.362723104263974164e+03,3.225344781058202443e+03
-4.509167793469550816e+02,8.571576674015326716e+03,-2.650510572239937756e+04
-4.499386518429486728e+02,-2.350479692086906653e+04,-1.588302344489421921e+04
-4.489605243389422640e+02,2.455121322637831440e+02,7.227428197031871605e+03
-4.479823968349359120e+02,6.425300435640253454e+03,-2.146996732271176734e+04
-4.470042693309294464e+02,-1.650623952556354561e+04,-8.318924645970269921e+03
-4.460261418269230376e+02,1.192610140597839927e+04,4.653325027437246604e+02
-4.450480143229166288e+02,3.955760344920226999e+03,-3.318940200894532609e+04
-4.440698868189102200e+02,-2.185816078152408591e+04,-1.164337995708002018e+04
-4.430917593149038112e+02,6.556414653361201999e+03,-4.218796861029633874e+03
-4.421136318108974024e+02,-7.240968849828007478e+03,-3.147633047232460740e+04
-4.411355043068909936e+02,-2.543133744090612527e+04,-2.577150340474133827e+03
-4.401573768028845848e+02,7.281623374796251483e+03,5.311321998149717274e+02
-4.391792492988781760e+02,-6.025247959250174972e+03,-2.551137522288879336e+04
-4.382011217948717672e+02,-1.970774069614112523e+04,-1.095863362296271589e+03
-4.372229942908653015e+02,5.575579758767317799e+03,-5.853247561978946578e+01
-4.362448667868589496e+02,-1.764316854857069302e+03,-1.620099394029530049e+04
-4.352667392828525408e+02,-3.614847415393207939e+03,-8.333506876821385958e+03
-4.342886117788461320e+02,-4.171976730481266713e+03,-2.009130908679028653e+04
-4.333104842748397232e+02,-2.442288108190098501e+04,-5.633603936881316258e+03
-4.323323567708333144e+02,2.505011756831841467e+03,1.498134355329804566e+04
-4.313542292668269056e+02,1.450603757543423308e+04,-1.708823596926148093e+04
-4.303761017628204968e+02,-1.333489497746447159e+04,-1.481329455461979342e+04
-4.293979742588140880e+02,2.107336813446734141e+03,3.201897666193628993e+02
-4.284198467548076223e+02,-1.178470150437814482e+03,-2.144058214821760339e+04
-4.274417192508012704e+02,-2.086506585442284268e+04,4.432600376509290641e+02
-4.264635917467948047e+02,1.242057462825679977e+04,1.091449984437197236e+04
-4.254854642427884528e+02,8.645588433710810932e+03,-2.220079990967095364e+04
-4.245073367387819872e+02,-1.480066861147119926e+04,-3.397010110393097420e+03
-4.235292092347756352e+02,1.268875673165702210e+04,6.568751003869207125e+03
-4.225510817307692264e+02,9.571934981113061440e+03,-1.753405928764948840e+04
-4.215729542267627608e+02,-6.755874652368642330e+01,-3.821858210656175288e+03
-4.205948267227564088e+02,1.927214305861043977e+04,-1.270144005877262862e+04
-4.196166992187499432e+02,-4.853677601407700422e+03,-3.026094696855845541e+04
-4.186385717147435912e+02,-1.416010717600716634e+04,1.783894817592995423e+03
-4.176604442107371256e+02,1.699214166080171344e+04,1.145541244438912145e+03
-4.166823167067307736e+02,9.574849543398931928e+03,-2.068513550764148022e+04
-4.157041892027243080e+02,2.085216808946195670e+03,-1.150571951165588507e+04
-4.147260616987178992e+02,8.639769322726944665e+03,-1.719981483671514798e+04
-4.137479341947114904e+02,-3.440980144855717754e+03,-1.828742250198839247e+04
-4.127698066907050816e+02,1.565605026495934908e+03,-8.523666089835387538e+03
-4.117916791866986728e+02,2.427588898891614008e+03,-1.755236244387638726e+04
-4.108135516826922640e+02,-6.708477416702216033e+03,-7.428801468009792188e+03
-4.098354241786859120e+02,1.141927592279077362e+04,-1.929068387858631695e+03
-4.088572966746794464e+02,1.142527226336605599e+04,-2.130643092790309674e+04
-4.078791691706730944e+02,-1.708961641438638026e+03,-1.646236250839730201e+04
-4.069010416666666288e+02,5.204210340635395369e+03,-1.424208291854955496e+04
-4.059229141626602200e+02,-2.981642389218062817e+03,-1.936837130422765767e+04
-4.049447866586538112e+02,-2.698223413570700359e+03,-6.463847203922368863e+03
-4.039666591546474024e+02,6.755959637392106742e+03,-1.442476146464212979e+04
-4.029885316506409936e+02,-8.637030145762422762e+03,-1.415940735727866922e+04
-4.020104041466345848e+02,2.447177759314789455e+03,4.702606395140297536e+03
-4.010322766426281760e+02,1.742070579646380793e+04,-1.340101930637533042e+04
-4.000541491386217672e+02,-1.908028766401751454e+03,-1.710343741313676219e+04
-3.990760216346153584e+02,8.358883008649125259e+03,-1.967336023727754082e+03
-3.980978941306089496e+02,1.488989990726039468e+04,-2.220282302756433273e+04
-3.971197666266025408e+02,-6.987865637917631830e+03,-1.726798995479058067e+04
-3.961416391225961320e+02,9.229897240430891543e+03,-2.023857563884134606e+03
-3.951635116185897232e+02,1.284328650568911326e+04,-2.539348781432102624e+04
-3.941853841145833144e+02,-1.104107289169752767e+04,-1.683355447528967125e+04
-3.932072566105769056e+02,5.954647830297758446e+03,1.773576706960572892e+03
-3.922291291065704968e+02,1.743804791586996726e+04,-1.653668730824860904e+04
-3.912510016025640880e+02,6.720352785630915605e+03,-2.366900249174335477e+04
-3.902728740985576223e+02,-1.078435961395779486e+03,-2.843097002325512221e+04
-3.892947465945512704e+02,-2.422038652289257880e+04,-1.611257847857369052e+04
-3.883166190905448047e+02,-6.052276927695087579e+03,2.058183048310639788e+04
-3.873384915865384528e+02,3.353104474301006849e+04,-3.130201263736821602e+03
-3.863603640825319872e+02,6.141788812324986793e+03,-3.513611026270272851e+04
-3.853822365785256352e+02,-1.284021745789214037e+04,-9.140568686115146193e+03
-3.844041090745192264e+02,3.874497570766698118e+03,-3.512807770648797032e+03
-3.834259815705127608e+02,-7.890515956687594326e+02,-4.859306227988883620e+03
-3.824478540665064088e+02,1.313630243653271100e+04,3.618898900324170427e+03
-3.814697265624999432e+02,1.613396741480467244e+04,-2.019365817210778187e+04
-3.804915990584935912e+02,-1.071460201006316129e+04,-1.028193113992600411e+04
-3.795134715544871256e+02,1.241228788440895005e+04,1.254491492898842262e+04
-3.785353440504807736e+02,2.356559684505870609e+04,-1.756006660870761698e+04
-3.775572165464743080e+02,-5.993089512561419724e+03,-1.168152851355901112e+04
-3.765790890424679560e+02,1.526328300283317185e+04,1.142229332232895467e+04
-3.756009615384614904e+02,2.683421753508195252e+04,-1.688281364550726721e+04
-3.746228340344550816e+02,4.674681042881675808e+02,-1.363783653583685918e+04
-3.736447065304486728e+02,1.632960611436652107e+04,5.462192960768722514e+03
-3.726665790264422640e+02,2.568640636715501023e+04,-1.526329125028517592e+04
-3.716884515224359120e+02,7.621374732225286607e+03,-1.458960499066047123e+04
-3.707103240184294464e+02,1.375535846113198022e+04,-1.925629752537068953e+03
-3.697321965144230944e+02,2.104880261121502917e+04,-3.666725685812007214e+03
-3.687540690104166288e+02,3.253819020530821945e+04,-4.794098570868646675e+03
-3.677759415064102768e+02,3.782373698970012629e+04,-3.012323756676883204e+04
-3.667978140024038112e+02,6.135582961997626626e+03,-3.786050999613173917e+04
-3.658196864983974024e+02,3.282883654419836148e+03,-9.039961225299650323e+03
-3.648415589943909936e+02,2.339202397559340170e+04,-1.679930554735143232e+04
-3.638634314903845848e+02,4.134795577430480080e+03,-2.694858300643576149e+04
-3.628853039863781760e+02,7.627358097538474340e+02,2.524338507026382388e+02
-3.619071764823717672e+02,2.928230527272237669e+04,3.279615624407937048e+03
-3.609290489783653584e+02,3.771900837285308808e+04,-1.887567123194117448e+04
-3.599509214743589496e+02,2.632848130959100672e+04,-3.358120179938979709e+04
-3.589727939703524839e+02,8.966551442178135403e+03,-3.020502465457659127e+04
-3.579946664663461320e+02,1.214872565013125131e+04,-1.421736657762128743e+04
-3.570165389623397232e+02,2.365344801314303186e+04,-2.332394213578695781e+04
-3.560384114583333144e+02,7.446292723476263745e+03,-2.568654563780976969e+04
-3.550602839543269056e+02,1.991420797787903211e+04,-2.623026425400756125e+03
-3.540821564503204968e+02,5.124732155381865596e+04,-2.993659445075167605e+04
-3.531040289463140880e+02,1.961384907195539563e+04,-6.881827736870707304e+04
-3.521259014423076223e+02,-1.878148115798251456e+04,-4.808076476449669281e+04
-3.511477739383012704e+02,-1.662592968842690243e+04,-2.193146366611576741e+04
-3.501696464342948047e+02,-6.950718075511111238e+03,-1.031665821150004376e+04
-3.491915189302884528e+02,8.548487256886810428e+03,-1.275226381538796522e+04
-3.482133914262819872e+02,-1.865753834546851294e+03,-2.704021142619444072e+04
-3.472352639222756352e+02,-1.554966606625953500e+04,-6.351565566866080417e+02
-3.462571364182691696e+02,2.234218256446535815e+04,1.228019542740396537e+04
-3.452790089142628176e+02,3.014806615179566870e+04,-2.576742232316286027e+04
-3.443008814102564088e+02,1.989375926631379571e+03,-2.406605368309107143e+04
-3.433227539062499432e+02,1.215460741454714844e+04,-1.149671253224895008e+04
-3.423446264022435912e+02,7.167922129462420344e+03,-2.368907514672364778e+04
-3.413664988982371256e+02,9.856089571427322937e+01,-3.255265418769538883e+03
-3.403883713942307736e+02,2.850290778926174971e+04,-5.381139768967892451e+03
-3.394102438902243080e+02,1.670247307585881936e+04,-3.020632694540672674e+04
-3.384321163862179560e+02,6.290091455388423128e+03,-1.104338673890624887e+04
-3.374539888822114904e+02,2.804842991288834673e+04,-2.016841643034729350e+04
-3.364758613782051384e+02,1.694830302896974899e+03,-3.798117035457082966e+04
-3.354977338741986728e+02,-6.174790389407849943e+03,-2.265998566748357462e+03
-3.345196063701922640e+02,2.890736745884642733e+04,-6.570327829265675973e+03
-3.335414788661858552e+02,1.575503544960186446e+04,-3.205680879209060004e+04
-3.325633513621794464e+02,5.346726723917482559e+03,-1.774568263717161972e+04
-3.315852238581730944e+02,1.219774732411215700e+04,-2.266517316430608480e+04
-3.306070963541666288e+02,-2.670768169523387314e+03,-1.610457809442589860e+04
-3.296289688501602768e+02,1.828955929940746501e+04,-6.295582060600013392e+02
-3.286508413461538112e+02,2.416837941718558068e+04,-3.160550699444912607e+04
-3.276727138421474024e+02,-9.106529530113408327e+03,-2.009566983390095993e+04
-3.266945863381409936e+02,2.192780289199066101e+04,8.429648045036927215e+03
-3.257164588341345848e+02,4.215381921347739262e+04,-3.571691849609692144e+04
-3.247383313301281760e+02,-6.984100663655226526e+02,-4.631877626748462353e+04
-3.237602038261217672e+02,3.667007046657672618e+02,-2.013735935501543281e+04
-3.227820763221153584e+02,3.260679707132974272e+03,-3.448440904601657530e+04
-3.218039488181089496e+02,-2.044800928592271521e+04,-1.946131761937756164e+04
-3.208258213141024839e+02,1.566097143264212718e+03,2.913389827036524366e+03
-3.198476938100961320e+02,1.198716366649479642e+04,-1.768114032266413051e+04
-3.188695663060897232e+02,-2.817513233857169325e+03,-1.355958216679931866e+04
-3.178914388020833144e+02,9.994080352334984127e+03,-7.430615783910597202e+03
-3.169133112980769056e+02,6.052533450002525569e+03,-2.005036287271856781e+04
-3.159351837940704968e+02,1.473771408677120917e+03,-7.802514219669985323e+03
-3.149570562900640880e+02,1.860139233582728411e+04,-1.608066994921060177e+04
-3.139789287860576792e+02,-1.247993883036049965e+03,-3.559927951462000055e+04
-3.130008012820512704e+02,-2.019651015571963944e+04,-1.238221420134198161e+04
-3.120226737780448047e+02,-2.168936011232124201e+03,6.758040165506198491e+02
-3.110445462740384528e+02,2.121326224568167163e+03,-1.118424703340662563e+04
-3.100664187700319872e+02,-8.118392369874040014e+03,-1.291071956900869372e+04
-3.090882912660256352e+02,-1.848356670084922007e+04,-3.467661563857663623e+03
-3.081101637620191696e+02,-1.387625326431549365e+04,1.877823715961883863e+04
-3.071320362580128176e+02,1.148294444086741169e+04,1.812698921869817059e+04
-3.061539087540064088e+02,4.981141219991357502e+03,-1.148886527174610137e+03
-3.051757812500000000e+02,-8.802921161494698026e+03,1.852726148039771215e+04
-3.041976537459935912e+02,1.756559709539357209e+04,3.085242015586684283e+04
-3.032195262419871256e+02,2.404215588513259718e+04,1.104593481531781617e+04
-3.022413987379807736e+02,1.354838162940171969e+04,2.008385565249131832e+04
-3.012632712339743080e+02,3.731142018453308265e+04,3.269920457504764272e+04
-3.002851437299679560e+02,6.281919859094292042e+04,1.102490137045243137e+04
-2.993070162259614904e+02,6.157057236990833189e+04,-2.436425062463497670e+04
-2.983288887219551384e+02,2.823672583161866714e+04,-4.547286954749905999e+04
-2.973507612179486728e+02,5.727302612879939261e+02,-2.043278373946795546e+04
-2.963726337139422640e+02,2.262511404207485248e+04,-5.368096564344854414e+03
-2.953945062099358552e+02,1.613418960801088360e+04,-3.338146483626835106e+04
-2.944163787059294464e+02,-1.969595779014195432e+04,-8.434250498762350617e+03
-2.934382512019230944e+02,1.504703982291291868e+04,2.737186263586713176e+04
-2.924601236979166288e+02,3.914935812947351951e+04,-9.128370463756991740e+03
-2.914819961939102768e+02,6.289804637613652631e+03,-1.369722115568302070e+04
-2.905038686899038112e+02,2.091428978360327164e+04,1.212518779077491126e+04
-2.895257411858974024e+02,3.700525246252958459e+04,-1.335715111374252228e+04
-2.885476136818909936e+02,1.277351894459316100e+04,-1.649422438308245546e+04
-2.875694861778845848e+02,2.598891579146808726e+04,-2.410595064161662776e+03
-2.865913586738781760e+02,2.964329881947342801e+04,-3.196100469074671855e+04
-2.856132311698717672e+02,-8.758861519665942978e+03,-3.183925299175377222e+04
-2.846351036658653584e+02,-1.069233428885648937e+04,2.585268353927578119e+03
-2.836569761618589496e+02,1.065713039606082020e+04,6.959728588701628723e+03
-2.826788486578525408e+02,1.656898283400092623e+04,-2.123271095842232171e+03
-2.817007211538461320e+02,1.412346708650580513e+04,-1.272511140576972321e+04
-2.807225936498397232e+02,-4.527279431556606141e+03,-1.584804271556598724e+04
-2.797444661458333144e+02,-1.646577767868560477e+04,5.731221781696413927e+03
-2.787663386418269056e+02,-4.451922214452593835e+03,2.457080214937863639e+04
-2.777882111378204968e+02,1.082286860642813190e+04,2.907521022839250145e+04
-2.768100836338140880e+02,2.454672912638765774e+04,2.683230429623862074e+04
-2.758319561298076792e+02,3.410800834661510453e+04,1.859117825077814996e+04
-2.748538286258012704e+02,4.057936408710780961e+04,5.786696656333985629e+03
-2.738757011217948616e+02,2.970960909604733752e+04,-1.566158368980959312e+04
-2.728975736177884528e+02,-3.632300187372979963e+03,-4.963171900179740078e+03
-2.719194461137819872e+02,1.011716005875149494e+04,3.703988964339279482e+04
-2.709413186097756352e+02,5.487811237212410924e+04,1.976224521197782087e+04
-2.699631911057691696e+02,3.432571813941522123e+04,-1.859518268292480207e+04
-2.689850636017628176e+02,9.426918536672757909e+03,6.679775411626264031e+03
-2.680069360977564088e+02,4.056715089312029886e+04,1.863372932361653511e+04
-2.670288085937500000e+02,4.711025200081786170e+04,-1.604981317170963666e+04
-2.660506810897435912e+02,1.415834946281196790e+04,-2.667769675704031397e+04
-2.650725535857371256e+02,-7.448690368910356483e+03,-2.091802145133228237e+02
-2.640944260817307736e+02,1.088060527891159654e+04,3.451258028323527833e+04
-2.631162985777243080e+02,5.533523739984082931e+04,2.270847151709841273e+04
-2.621381710737179560e+02,4.595266079129976424e+04,-2.304397703021373673e+04
-2.611600435697114904e+02,9.276796709498863493e+03,-1.025447649260005164e+04
-2.601819160657050816e+02,3.083310875533553190e+04,1.075583561145067870e+04
-2.592037885616986728e+02,3.755888963735383732e+04,-1.962417176625198408e+04
-2.582256610576922640e+02,7.579790719763603192e+03,-1.880006719858342694e+04
-2.572475335536858552e+02,1.208865920956867012e+04,-4.100592018943802941e+03
-2.562694060496795032e+02,2.882470720791523490e+03,-1.593318179496420089e+04
-2.552912785456730660e+02,-2.190081788384911488e+04,9.691705346550719696e+03
-2.543131510416666288e+02,-3.111250786877043879e+02,4.540555370878659596e+04
-2.533350235376602200e+02,3.466643675889953738e+04,4.744630386557070597e+04
-2.523568960336538112e+02,6.724829647919131094e+04,2.674762609201700980e+04
-2.513787685296474024e+02,6.735302372628178273e+04,-2.824622448533565694e+04
-2.504006410256409936e+02,8.610544511897720440e+03,-4.511959007865190506e+04
-2.494225135216346132e+02,-1.150604646078692895e+04,-3.920430612894253954e+03
-2.484443860176282044e+02,-1.387258798318692470e+03,1.692142260826568872e+03
-2.474662585136217956e+02,-2.158762809319746520e+04,2.088262443254333630e+04
-2.464881310096153868e+02,1.318064932696631877e+04,6.164594859469980292e+04
-2.455100035056089496e+02,5.441023222965271270e+04,2.490655459876818713e+04
-2.445318760016025408e+02,2.166399633080080821e+04,3.859499076868407883e+03
-2.435537484975961320e+02,2.913456023727571664e+04,3.043315366331072801e+04
-2.425756209935897232e+02,4.469038122959099564e+04,-1.213199542088893168e+03
-2.415974934895833144e+02,-1.434652551632864061e+03,7.553788543798160617e+02
-2.406193659855769056e+02,2.037106157562795124e+04,5.117283907409471431e+04
-2.396412384815704968e+02,6.540147883749422181e+04,1.404525430010811760e+04
-2.386631109775640596e+02,2.231648591059587852e+04,-1.727200425312749212e+04
-2.376849834735576508e+02,1.081830428487510835e+04,2.133120582537743394e+04
-2.367068559695512704e+02,3.826383541759150103e+04,9.467571070743460950e+03
-2.357287284655448616e+02,4.212002054168674476e+03,-7.515330298781734200e+03
-2.347506009615384528e+02,-7.430560263900043537e+03,4.034604751025344740e+04
-2.337724734575320440e+02,4.275873396641608997e+04,4.839532094889478321e+04
-2.327943459535256352e+02,4.399440544061128458e+04,4.413231608992773545e+02
-2.318162184495192264e+02,-7.007056797361128702e+03,5.937781792143566236e+03
-2.308380909455128176e+02,-3.218822241250133175e+03,6.445966660512098315e+04
-2.298599634415063804e+02,5.611903261744468909e+04,7.049315085712692235e+04
-2.288818359374999716e+02,6.856315626123377297e+04,2.280832893968444478e+04
-2.279037084334935628e+02,3.715123558725639305e+04,1.502717477641174992e+04
-2.269255809294871540e+02,3.817574243836179085e+04,3.520295530908937508e+04
-2.259474534254807452e+02,5.040760316891444381e+04,3.245380920463670554e+04
-2.249693259214743364e+02,5.247226741006115481e+04,3.213924258014943916e+04
-2.239911984174679560e+02,6.563254656205064384e+04,2.910879500974171242e+04
-2.230130709134615188e+02,6.964259996109531494e+04,1.338496741463745093e+04
-2.220349434094551100e+02,6.891348388560739113e+04,2.630770150326186922e+03
-2.210568159054487012e+02,6.095054491416576639e+04,-2.002291232103236325e+04
-2.200786884014422924e+02,2.291108829167363729e+04,-2.248815228079619919e+04
-2.191005608974358836e+02,1.265818364472098619e+04,1.431737896521408766e+04
-2.181224333934294748e+02,3.497023890729948471e+04,2.259184358782750860e+04
-2.171443058894230660e+02,3.268606659970944384e+04,1.950128375121859426e+04
-2.161661783854166572e+02,4.593707844732864760e+04,3.591317275101319683e+04
-2.151880508814102484e+02,7.609103391767258290e+04,1.584446222470325120e+04
-2.142099233774038112e+02,6.439178708569250011e+04,-2.394552928509308549e+04
-2.132317958733974024e+02,2.391332293094461784e+04,-3.541906021487791440e+04
-2.122536683693909936e+02,-1.496844329312318405e+04,-4.334321662736460894e+03
-2.112755408653846132e+02,5.580029201708021901e+03,5.169278327675062610e+04
-2.102974133613782044e+02,6.365706420346875530e+04,2.790753677861081087e+04
-2.093192858573717956e+02,1.747452133445083018e+04,-2.682484191687757266e+04
-2.083411583533653868e+02,-4.018308060891297646e+04,4.675582795459406043e+04
-2.073630308493589496e+02,4.287411504026073089e+04,1.108860896625854803e+05
-2.063849033453525408e+02,1.011424477424145152e+05,4.508225657452081941e+04
-2.054067758413461320e+02,6.456128716301039822e+04,1.444452638686995488e+04
-2.044286483373397232e+02,7.142742392803194525e+04,3.287378875160754978e+04
-2.034505208333333144e+02,9.152615458637257689e+04,3.236463220497806105e+03
-2.024723933293269056e+02,6.810439475282395142e+04,-2.786676071484283966e+04
-2.014942658253204968e+02,3.099546189863644759e+04,-3.161947568319128914e+04
-2.005161383213140880e+02,-1.129391146768826729e+03,3.602267760680234005e+03
-1.995380108173076792e+02,3.112888491170164343e+04,5.229622157677889481e+04
-1.985598833133012704e+02,8.439469608200150833e+04,2.004462299912914386e+04
-1.975817558092948616e+02,5.289025948004923703e+04,-3.052867251318772105e+04
-1.966036283052884528e+02,9.002659318576108490e+03,-4.591426716232474973e+03
-1.956255008012820440e+02,2.603798884502141300e+04,3.341577812209446711e+04
-1.946473732972756352e+02,6.705943426312913653e+04,2.654552163125361039e+04
-1.936692457932692264e+02,7.441432307548013341e+04,-2.889632190125631678e+04
-1.926911182892628176e+02,4.383163356921634659e+03,-5.527016425891236577e+04
-1.917129907852563804e+02,-3.446973148513024353e+04,1.367790664711450700e+04
-1.907348632812499716e+02,1.590107208441422154e+04,4.208720548032435181e+04
-1.897567357772435628e+02,1.004202078077272745e+04,1.335032640450073450e+04
-1.887786082732371540e+02,-5.712812274351809720e+03,5.660469166409154423e+04
-1.878004807692307452e+02,5.560604779887742916e+04,6.357051650928389427e+04
-1.868223532652243364e+02,4.859699311763486185e+04,6.894910479517001477e+03
-1.858442257612179560e+02,7.757655235059858569e+03,2.949972445402073208e+04
-1.848660982572115472e+02,3.405505649222132342e+04,5.102569459534454654e+04
-1.838879707532051384e+02,3.207691944328479804e+04,3.756536395956916385e+04
-1.829098432491987012e+02,3.698786855725275382e+04,6.415946545394818531e+04
-1.819317157451922924e+02,7.677725857712766447e+04,4.861646180430201639e+04
-1.809535882411858836e+02,6.120109031512348156e+04,1.748667751336514993e+04
-1.799754607371794748e+02,5.678326915533617284e+04,2.683615766618782436e+04
-1.789973332331730660e+02,5.592529570812737802e+04,1.274556529230758088e+03
-1.780192057291666572e+02,1.067634563701642401e+04,1.677174298289729268e+04
-1.770410782251602484e+02,4.266992599198510288e+04,6.556785660922316310e+04
-1.760629507211538112e+02,7.921807177724270150e+04,2.235820713599160808e+04
-1.750848232171474024e+02,3.719263624765737040e+04,9.949790511698724004e+03
-1.741066957131409936e+02,5.434858413243014365e+04,3.617144854836235754e+04
-1.731285682091345848e+02,5.473314639011218242e+04,-8.097121694733727963e+03
-1.721504407051282044e+02,-6.188743330207146755e+03,1.713110547635348121e+04
-1.711723132011217956e+02,3.351580174388010346e+04,7.702101809247118945e+04
-1.701941856971153868e+02,7.139243205522547942e+04,3.808044520861050114e+04
-1.692160581931089780e+02,4.291267351157166559e+04,3.660351173678378109e+04
-1.682379306891025692e+02,7.418551753648642625e+04,5.329406297420746705e+04
-1.672598031850961320e+02,7.950182601120207983e+04,1.209180226882075658e+04
-1.662816756810897232e+02,5.566075702746241586e+04,2.143344971696825451e+04
-1.653035481770833144e+02,7.978025150300726818e+04,1.424198702646320089e+04
-1.643254206730769056e+02,4.346761862531780207e+04,-9.181590596396397814e+03
-1.633472931690704968e+02,4.931771003664351883e+04,5.404922697490265273e+04
-1.623691656650640880e+02,1.468766169244585908e+05,5.876395813562604644e+02
-1.613910381610576792e+02,5.819662790149160719e+04,-1.355950222208773484e+05
-1.604129106570512420e+02,-9.796443035912323103e+04,-4.565892530024483858e+04
-1.594347831530448616e+02,-3.143110601534552188e+04,9.267915831290360074e+04
-1.584566556490384528e+02,6.139582763974302361e+04,4.846559445920440339e+04
-1.574785281450320440e+02,2.737111647649823499e+04,-2.276716526237335529e+03
-1.565004006410256352e+02,-4.048575180065364293e+03,2.354218613496857870e+04
-1.555222731370192264e+02,7.072610567843626995e+03,5.091224330133890180e+04
-1.545441456330128176e+02,2.953612017123657279e+04,5.162122172520561435e+04
-1.535660181290064088e+02,2.462432464693949441e+04,3.788926525764103280e+04
-1.525878906250000000e+02,1.572363468591180026e+04,6.529542943715341971e+04
-1.516097631209935628e+02,6.674049384047852072e+04,7.543135540390017559e+04
-1.506316356169871540e+02,7.601447258361411514e+04,1.387375208206974276e+04
-1.496535081129807452e+02,1.826078038853851831e+04,1.620870792994090152e+04
-1.486753806089743364e+02,4.245314988795697718e+04,6.490271656605757744e+04
-1.476972531049679276e+02,8.702378117498276697e+04,1.915997637207003936e+04
-1.467191256009615472e+02,3.406421222120032326e+04,-2.881099794161865429e+04
-1.457409980969551384e+02,-1.700251061821032272e+04,1.052528154339849425e+04
-1.447628705929487012e+02,-3.307460247655120838e+03,5.391664564439406968e+04
-1.437847430889422924e+02,2.111720063812940862e+04,5.958667083686852857e+04
-1.428066155849358836e+02,2.876145786542068527e+04,5.403990722923843714e+04
-1.418284880809294748e+02,3.091967297017512465e+04,5.665971382010069647e+04
-1.408503605769230660e+02,4.235498360075611708e+04,5.833572690526260703e+04
-1.398722330729166572e+02,5.195153882816890837e+04,4.971132428741394688e+04
-1.388941055689102484e+02,6.083106545844281936e+04,3.568178710077329015e+04
-1.379159780649038396e+02,5.118464424496018182e+04,-1.977171226027252033e+03
-1.369378505608974308e+02,-1.573686513047221888e+04,-7.260455783098956090e+03
-1.359597230568909936e+02,-4.047109702058658877e+04,7.509370584614427935e+04
-1.349815955528845848e+02,3.648462964775319415e+04,1.117290560713878367e+05
-1.340034680488782044e+02,7.018046101235973765e+04,5.559200588847473409e+04
-1.330253405448717956e+02,3.998822423415172671e+04,3.586175256193296809e+04
-1.320472130408653868e+02,3.674590639178706624e+04,4.247943200133569189e+04
-1.310690855368589780e+02,2.823757595931722244e+04,3.283501447024341905e+04
-1.300909580328525408e+02,1.448255066063753657e+04,4.316903423721071886e+04
-1.291128305288461320e+02,1.700176493575635686e+04,4.896642043850462505e+04
-1.281347030248397516e+02,1.072205958487224234e+04,5.171308425590339175e+04
-1.271565755208333144e+02,1.067284639275938389e+04,5.471873480639982154e+04
-1.261784480168269056e+02,-1.626484890334166448e+04,5.519246528689965635e+04
-1.252003205128204968e+02,-2.919278405037008633e+04,1.253619490405675460e+05
-1.242221930088141022e+02,7.136124835302233987e+04,1.582491332268680853e+05
-1.232440655048076934e+02,1.100311559147396474e+05,5.282118929364264477e+04
-1.222659380008012704e+02,1.745848996496726977e+04,3.291880383962651831e+04
-1.212878104967948616e+02,3.006485120317296969e+04,1.071480712813262799e+05
-1.203096829927884528e+02,8.338580422947440820e+04,6.824016793459632026e+04
-1.193315554887820298e+02,3.698484838045205106e+04,4.264374694021299365e+04
-1.183534279847756352e+02,4.813041706381737458e+04,7.852743700655197608e+04
-1.173753004807692264e+02,6.578663500084646512e+04,2.786702718606098279e+04
-1.163971729767628176e+02,-1.254075536601962085e+04,2.644664160262130827e+04
-1.154190454727564088e+02,5.203086546426202403e+02,1.073670641902349307e+05
-1.144409179687499858e+02,6.021427310714252235e+04,7.525093938278182759e+04
-1.134627904647435770e+02,6.993453810925300786e+03,4.740980033047103643e+04
-1.124846629607371682e+02,1.682080576007677882e+04,1.108116088822810416e+05
-1.115065354567307594e+02,7.744800524943931669e+04,4.574194396052543016e+04
-1.105284079527243506e+02,-6.560534983594795631e+04,-2.100420699861545654e+04
-1.095502804487179418e+02,-1.688287230180266488e+05,1.978350485335956328e+05
-1.085721529447115330e+02,8.538524404605058953e+04,3.543775622631910373e+05
-1.075940254407051242e+02,2.691472038716338575e+05,1.153662901448036719e+05
-1.066158979366987012e+02,6.714544272752448160e+04,-4.096686534353762545e+04
-1.056377704326923066e+02,-2.072114225641612938e+04,1.358845605356419983e+05
-1.046596429286858978e+02,1.470788169624506554e+05,1.514259849999736180e+05
-1.036815154246794748e+02,1.114403835279187479e+05,-2.165403973329405289e+03
-1.027033879206730660e+02,-5.050079161678177115e+03,6.316708302376062784e+04
-1.017252604166666572e+02,7.880974514399240434e+04,1.243115258861448092e+05
-1.007471329126602484e+02,8.836509400209132582e+04,3.001038727721918985e+04
-9.976900540865383959e+01,8.141012617085485772e+02,4.796682466188031685e+04
-9.879087790464743080e+01,2.014274713657644315e+04,1.009013495771121379e+05
-9.781275040064102200e+01,1.520797172330423200e+04,9.009114340704311326e+04
-9.683462289663461320e+01,5.839910676825605151e+03,1.513812057865865063e+05
-9.585649539262819019e+01,9.371660255065388628e+04,1.675371543412189931e+05
-9.487836788862178139e+01,1.136152719841465878e+05,9.234361600684598670e+04
-9.390024038461537259e+01,7.721597400975236087e+04,7.932465286011289572e+04
-9.292211288060897800e+01,7.884964931172408978e+04,7.243519364711598610e+04
-9.194398537660256920e+01,4.182321224129085022e+04,5.495690891111243400e+04
-9.096585787259614619e+01,1.217948484357501184e+04,9.828045098630855500e+04
-8.998773036858973740e+01,3.662202045674849796e+04,1.324190591305166599e+05
-8.900960286458332860e+01,6.634749115142348455e+04,1.411552276750683377e+05
-8.803147536057690559e+01,1.057274731543678063e+05,1.185890315063990856e+05
-8.705334785657049679e+01,8.330906199914780154e+04,6.066334902306331060e+04
-8.607522035256410220e+01,1.680562327194815589e+04,9.152759680167441547e+04
-8.509709284855769340e+01,5.408180041857402102e+04,1.614320245451122464e+05
-8.411896534455128460e+01,1.210317836923859868e+05,1.318583659646244778e+05
-8.314083784054486159e+01,1.134343072107348271e+05,7.830625241559502319e+04
-8.216271033653845279e+01,8.127190578100828861e+04,6.288082217834702897e+04
-8.118458283253204399e+01,5.697458671272279753e+04,7.791078662998361688e+04
-8.020645532852562098e+01,7.234401200079740374e+04,9.272317876213003183e+04
-7.922832782451922640e+01,6.725807104731957952e+04,5.930884343541987619e+04
-7.825020032051281760e+01,1.362081469837452823e+04,8.675883593380660750e+04
-7.727207281650640880e+01,6.675529708730084531e+04,1.470444890745839220e+05
-7.629394531250000000e+01,1.200662943124792655e+05,6.435163820482919255e+04
-7.531581780849357699e+01,1.661676725080303368e+04,2.213298130155290346e+04
-7.433769030448716819e+01,-1.149125531180542748e+04,1.205791900656638027e+05
-7.335956280048077360e+01,5.762398043498743209e+04,1.255636782196616841e+05
-7.238143529647435059e+01,3.646551198486941576e+04,8.956636271288055286e+04
-7.140330779246794179e+01,2.227939345876038715e+04,1.210366384374773334e+05
-7.042518028846153300e+01,4.088921345048883086e+04,1.234698328261114075e+05
-6.944705278445512420e+01,4.115589342878296156e+04,1.264965206556248741e+05
-6.846892528044871540e+01,5.978255619388476043e+04,1.098300444437242259e+05
-6.749079777644229239e+01,8.979171608994356575e+03,8.165170105236502422e+04
-6.651267027243589780e+01,-2.211304328620464366e+04,1.630824798010351369e+05
-6.553454276842948900e+01,6.797895014326908858e+04,1.778954736653327418e+05
-6.455641526442306599e+01,4.295756658310695639e+04,9.678178436677021091e+04
-6.357828776041665719e+01,-2.244918047418530114e+04,1.650527644114954455e+05
-6.260016025641024839e+01,6.899028320997724950e+04,2.062402717187142116e+05
-6.162203275240384670e+01,7.693870424319730955e+04,1.142654053980552853e+05
-6.064390524839743080e+01,1.025795439507799529e+03,1.318001176051756775e+05
-5.966577774439101489e+01,2.253730301943159793e+04,1.710577370877323556e+05
-5.868765024038461320e+01,6.960498289118307184e+03,1.546256341085468885e+05
-5.770952273637820440e+01,-1.433576507200065680e+04,2.147377810835710261e+05
-5.673139523237178850e+01,4.992118343355834077e+04,2.461303226124968787e+05
-5.575326772836537970e+01,8.154347513586997229e+04,2.137353107021376200e+05
-5.477514022435897090e+01,8.925307719700035523e+04,1.862618821054443833e+05
-5.379701272035256210e+01,5.394519582717903540e+04,1.454713908592053631e+05
-5.281888521634615330e+01,-1.000957792311080811e+04,1.969130069855887850e+05
-5.184075771233973740e+01,4.894816342684328265e+04,2.613662369662329729e+05
-5.086263020833332860e+01,7.955368514391906501e+04,2.043163379017674306e+05
-4.988450270432691980e+01,2.445542588119147331e+04,2.247713016638026165e+05
-4.890637520032051100e+01,8.014168360609783849e+04,2.703786945580938482e+05
-4.792824769631409509e+01,9.354588590607352671e+04,2.071066321359048889e+05
-4.695012019230768630e+01,4.080173609534420393e+04,2.408448718668356305e+05
-4.597199268830128460e+01,1.121493014694979938e+05,2.701693087751647690e+05
-4.499386518429486870e+01,1.095887458538740757e+05,1.834446766626780445e+05
-4.401573768028845279e+01,3.456161917755522882e+04,2.068451947470152227e+05
-4.303761017628205110e+01,5.469646770610365638e+04,2.318845103309055266e+05
-4.205948267227564230e+01,4.022614774366837764e+02,2.222764765872618591e+05
-4.108135516826922640e+01,-3.693616580710597646e+03,3.339573733010611031e+05
-4.010322766426281049e+01,1.004025043474198173e+05,3.074478294090102427e+05
-3.912510016025640880e+01,-9.672236562849049733e+03,2.517482834103577479e+05
-3.814697265625000000e+01,-2.821878991565616525e+04,4.601550313908388489e+05
-3.716884515224358410e+01,2.273572563906089345e+05,4.540847972087261151e+05
-3.619071764823717530e+01,1.798305476404496585e+05,2.092009421008814243e+05
-3.521259014423076650e+01,-3.400748451994525385e+04,2.974971519718002528e+05
-3.423446264022435770e+01,5.078327332528858824e+04,4.587575936655718833e+05
-3.325633513621794890e+01,1.135481925837762246e+05,4.035245099962604581e+05
-3.227820763221153300e+01,5.627274418552615680e+04,4.444863674956114846e+05
-3.130008012820512420e+01,1.285439427854288806e+05,5.240003962311997311e+05
-3.032195262419871540e+01,1.860639949613812496e+05,4.833287954214193160e+05
-2.934382512019230660e+01,1.553396981941657723e+05,4.767665866657089209e+05
-2.836569761618589425e+01,1.377551308051436208e+05,5.250129123579900479e+05
-2.738757011217948545e+01,1.419915431296664756e+05,6.157389406721125124e+05
-2.640944260817307665e+01,2.489596020393439685e+05,7.242438014585349010e+05
-2.543131510416666430e+01,4.138707755317898118e+05,7.006320602051921887e+05
-2.445318760016025550e+01,4.569881711430439609e+05,5.927860589684470324e+05
-2.347506009615384315e+01,4.028496745263938792e+05,5.749073619506750256e+05
-2.249693259214743435e+01,4.019456963196180877e+05,6.679335441341339611e+05
-2.151880508814102555e+01,5.257066481521099340e+05,7.435307260752355214e+05
-2.054067758413461320e+01,6.515686669056295650e+05,6.993293637727646856e+05
-1.956255008012820440e+01,6.851819070884214016e+05,6.756735710889638867e+05
-1.858442257612179205e+01,8.043282298955451697e+05,7.190632428254532861e+05
-1.760629507211538325e+01,9.869731567596230889e+05,6.121303713578816969e+05
-1.662816756810897445e+01,9.981659794606792275e+05,4.390543265410846216e+05
-1.565004006410256210e+01,9.554519122652508086e+05,4.158302678543835646e+05
-1.467191256009615330e+01,1.025192367947284831e+06,4.343191151131375227e+05
-1.369378505608974272e+01,1.155850512877049856e+06,3.874251852318666643e+05
-1.271565755208333215e+01,1.285083386204657378e+06,2.340130985202826269e+05
-1.173753004807692157e+01,1.271685525699949590e+06,2.849055737180922006e+04
-1.075940254407051277e+01,1.217729571402872214e+06,-1.238418715317948408e+04
-9.781275040064102200e+00,1.376948006149600726e+06,-9.700592537151876604e+04
-8.803147536057691624e+00,1.405912956508346368e+06,-4.839969033555177739e+05
-7.825020032051281049e+00,1.066951823166210903e+06,-7.255258482690558303e+05
-6.846892528044871362e+00,8.274144680256225402e+05,-6.415992802854008041e+05
-5.868765024038460787e+00,7.568794461259783711e+05,-6.220705190117319580e+05
-4.890637520032051100e+00,6.073258146980345482e+05,-5.801409657469099620e+05
-3.912510016025640525e+00,6.302540943162606563e+05,-4.286302950795350480e+05
-2.934382512019230393e+00,7.595767669918566244e+05,-5.475149379907498369e+05
-1.956255008012820262e+00,5.441519904321618378e+05,-7.302434970611182507e+05
-9.781275040064101312e-01,3.161525156109731761e+05,-5.028103747052663239e+05
0.000000000000000000e+00,5.448126361785809277e+05,-2.965796229500368936e+05
9.781275040064101312e-01,7.425892802060961258e+05,-5.593271074599009007e+05
1.956255008012820262e+00,5.048994496363148210e+05,-7.989595827783105196e+05
2.934382512019230393e+00,2.841378499275041977e+05,-6.872521355224754661e+05
3.912510016025640525e+00,2.969329197084818734e+05,-6.133285958367054118e+05
4.890637520032051100e+00,2.188390035947761498e+05,-6.646270452845463296e+05
5.868765024038460787e+00,7.556296989974423195e+04,-5.727783628078666516e+05
6.846892528044871362e+00,8.128269665376325429e+04,-4.285892834638945060e+05
7.825020032051281049e+00,1.394588941990756430e+05,-3.808631119621669059e+05
8.803147536057691624e+00,1.800281513381367840e+05,-3.724315143853928312e+05
9.781275040064102200e+00,2.034268073090015387e+05,-4.090109085529594449e+05
1.075940254407051277e+01,1.562269241768686043e+05,-4.414080149623136385e+05
1.173753004807692157e+01,1.170910107830278575e+05,-4.124774618113898905e+05
1.271565755208333215e+01,1.070382843541131588e+05,-4.066343962340124417e+05
1.369378505608974272e+01,5.813328489285724208e+04,-3.903170460452566622e+05
1.467191256009615330e+01,5.037165958001155377e+04,-3.293205200735667604e+05
1.565004006410256210e+01,7.626725850740232272e+04,-3.230853762289613951e+05
1.662816756810897445e+01,4.725765972602622787e+04,-3.283233312950214022e+05
1.760629507211538325e+01,2.060263077505029651e+04,-2.860276786872916273e+05
1.858442257612179205e+01,2.583665729454805478e+04,-2.336819773027135234e+05
1.956255008012820440e+01,7.883178911235356645e+04,-1.875272667267345241e+05
2.054067758413461320e+01,1.526086525590448000e+05,-2.336592371148889069e+05
2.151880508814102555e+01,1.024262319589197723e+05,-3.108558369334439631e+05
2.249693259214743435e+01,3.986674564915543306e+04,-2.541853039031278167e+05
2.347506009615384315e+01,9.984441473032310023e+04,-2.277494604907562607e+05
2.445318760016025550e+01,8.313068627481347357e+04,-2.946178889442806249e+05
2.543131510416666430e+01,1.731029791052768996e+04,-2.577360323373343272e+05
2.640944260817307665e+01,4.880003977784986637e+04,-2.274598346747221076e+05
2.738757011217948545e+01,1.285904584855685243e+04,-2.564131633183955855e+05
2.836569761618589425e+01,-2.869520832490263638e+04,-1.629239252900434658e+05
2.934382512019230660e+01,8.814716342517240264e+04,-1.119441143344583979e+05
3.032195262419871540e+01,1.352649609885154641e+05,-2.271448305495116801e+05
3.130008012820512420e+01,3.571485854922679573e+04,-2.708613605134441750e+05
3.227820763221153300e+01,-1.032112780421908064e+04,-2.037632557545512391e+05
3.325633513621794890e+01,1.818856651966557911e+04,-1.648564906768422516e+05
3.423446264022435770e+01,3.766157039484709094e+04,-1.780133365394568827e+05
3.521259014423076650e+01,7.739570483291688106e+03,-1.864363911805977987e+05
3.619071764823717530e+01,-5.334856536933358257e+03,-1.345252460266700946e+05
3.716884515224358410e+01,5.105703233604440175e+04,-1.253807556876370509e+05
3.814697265625000000e+01,2.895463218325587513e+04,-1.790707148700423422e+05
3.912510016025640880e+01,-3.064667533612538682e+04,-1.160984361547283479e+05
4.010322766426281049e+01,5.424611382711304032e+04,-5.217209708288805268e+04
4.108135516826922640e+01,1.024379884325368912e+05,-1.373853902356733161e+05
4.205948267227564230e+01,2.327386661022653425e+04,-1.552266736059674877e+05
4.303761017628205110e+01,2.773824810088259619e+04,-8.475905453854221560e+04
4.401573768028845279e+01,7.803306455959305458e+04,-9.318938566491140227e+04
4.499386518429486870e+01,7.508085921728266112e+04,-1.109297424042640196e+05
4.597199268830128460e+01,8.988138264063894167e+04,-1.109144086628299701e+05
4.695012019230768630e+01,9.426636439604565385e+04,-1.448232049923342420e+05
4.792824769631409509e+01,5.998254230565892794e+04,-1.594741296710869938e+05
4.890637520032051100e+01,3.475520160574427427e+04,-1.388513287890073261e+05
4.988450270432691980e+01,4.155872341478326416e+04,-1.082658616380745661e+05
5.086263020833332860e+01,7.378613771611877019e+04,-1.153553620774224692e+05
5.184075771233973740e+01,5.176438382967600046e+04,-1.513290462039766135e+05
5.281888521634615330e+01,1.255523289066743200e+04,-1.132814114980463200e+05
5.379701272035256210e+01,5.713754023436946591e+04,-8.400748157946093124e+04
5.477514022435897090e+01,5.727655669285212934e+04,-1.283487111954945722e+05
5.575326772836537970e+01,1.419009671969908959e+04,-9.203193066134663241e+04
5.673139523237178850e+01,7.558602112722705351e+04,-5.398147143985474395e+04
5.770952273637820440e+01,9.938936699592031073e+04,-1.201392104898702964e+05
5.868765024038461320e+01,4.745661924114738940e+04,-1.238867423751602328e+05
5.966577774439101489e+01,5.983201569832616224e+04,-1.029857377915357210e+05
6.064390524839743080e+01,3.475096985796582157e+04,-1.238564162351555860e+05
6.162203275240384670e+01,6.480647987488855506e+03,-4.707643101149823633e+04
6.260016025641024839e+01,1.216307847891933634e+05,-4.897636979770612925e+03
6.357828776041665719e+01,1.818954786432718101e+05,-1.265360557607441442e+05
6.455641526442306599e+01,8.823230468528746860e+04,-1.969488379054810212e+05
6.553454276842948900e+01,2.472430235409236775e+04,-1.471832601686994312e+05
6.651267027243589780e+01,4.053283122725006251e+04,-1.019710837229249300e+05
6.749079777644229239e+01,7.139326550004584715e+04,-1.059226374299845047e+05
6.846892528044871540e+01,6.403562767997467017e+04,-1.340353186627440155e+05
6.944705278445512420e+01,3.342432036115066876e+04,-1.198969073711272940e+05
7.042518028846153300e+01,5.152508408793372655e+04,-8.967906326741183875e+04
7.140330779246794179e+01,7.795581328596532694e+04,-1.035925009713581385e+05
7.238143529647435059e+01,8.354927552223431121e+04,-1.227203163371511328e+05
7.335956280048077360e+01,8.032298001117906824e+04,-1.602085891394749342e+05
7.433769030448716819e+01,1.721643032385031984e+04,-1.796577350624491228e+05
7.531581780849357699e+01,-1.522470050870082196e+04,-1.132713058116660395e+05
7.629394531250000000e+01,3.670014101348767144e+04,-9.085334535682413843e+04
7.727207281650640880e+01,3.560235414789384959e+04,-1.244403332581828290e+05
7.825020032051281760e+01,2.287453236961439688e+04,-1.068815627215930581e+05
7.922832782451922640e+01,4.521931834902715491e+04,-1.233715692903290183e+05
8.020645532852562098e+01,4.345599299573197527e+02,-1.500063807859759254e+05
8.118458283253204399e+01,-3.318220077653603221e+04,-9.983248050556235830e+04
8.216271033653845279e+01,-7.960056451809920873e+03,-6.651060082696237077e+04
8.314083784054486159e+01,1.533762960661194666e+04,-5.272624447346413945e+04
8.411896534455128460e+01,6.363595424537351209e+04,-6.922180170395987807e+04
8.509709284855769340e+01,4.216786428904329659e+04,-1.420034972529988736e+05
8.607522035256410220e+01,-4.121165912539518467e+04,-1.129171683665077726e+05
8.705334785657049679e+01,-1.322814331942192621e+04,-4.451215389260712254e+04
8.803147536057690559e+01,1.017833818296221762e+04,-6.605223459739203099e+04
8.900960286458332860e+01,-8.609212172513734913e+03,-3.287239522291446337e+04
8.998773036858973740e+01,6.379886090851962217e+04,-1.585204226144693530e+04
9.096585787259614619e+01,6.965114021082549880e+04,-9.621093460139822855e+04
9.194398537660256920e+01,5.485351378639005816e+03,-8.152837748743964767e+04
9.292211288060897800e+01,3.587802195170038613e+04,-4.403247764269265463e+04
9.390024038461537259e+01,4.554013108355825534e+04,-7.154930512035373249e+04
9.487836788862178139e+01,4.062181314554777055e+04,-5.930534494016524695e+04
9.585649539262819019e+01,6.073765747519324213e+04,-8.692173902482488484e+04
9.683462289663461320e+01,3.554158582665046652e+03,-9.546774331414249900e+04
9.781275040064102200e+01,2.374862282481501461e+04,-2.260191566514286751e+04
9.879087790464743080e+01,9.213498349972419965e+04,-7.908777043296894408e+04
9.976900540865383959e+01,4.135530566344686122e+03,-1.238238172452814761e+05
1.007471329126602484e+02,-7.474848912135660612e+03,-1.972521511940933487e+04
1.017252604166666572e+02,8.995798201692075236e+04,-3.533380295898602344e+04
1.027033879206730660e+02,6.533112432168341184e+04,-9.998804220095535857e+04
1.036815154246794748e+02,5.492170737757549796e+04,-8.462042081869905815e+04
1.046596429286858978e+02,5.407293396668255446e+04,-1.322653409417827788e+05
1.056377704326923066e+02,-2.949438052584237448e+04,-1.186949399746414565e+05
1.066158979366987012e+02,-7.205963492841342486e+03,-3.775465997781077749e+04
1.075940254407051242e+02,3.989286551220461115e+04,-6.759326055547082797e+04
1.085721529447115330e+02,9.045653175473309602e+03,-7.312031747687206371e+04
1.095502804487179418e+02,3.447520481966686202e+04,-5.766474565852485102e+04
1.105284079527243506e+02,2.007025592592712201e+04,-9.929480183560097066e+04
1.115065354567307594e+02,-2.318399826293806109e+04,-5.875186908070256322e+04
1.124846629607371682e+02,2.189378565210027591e+04,-3.214582810245283690e+04
1.134627904647435770e+02,1.378077944257616764e+04,-5.942895682919987303e+04
1.144409179687499858e+02,1.335908539459568601e+04,-1.251228116464490085e+04
1.154190454727564088e+02,8.222205535712707206e+04,-3.587017744576806581e+04
1.163971729767628176e+02,4.317313427525110455e+04,-9.983273567011607520e+04
1.173753004807692264e+02,2.367653366211827233e+03,-5.728285083227240830e+04
1.183534279847756352e+02,2.941109298668137490e+04,-4.060067690338096145e+04
1.193315554887820298e+02,3.327437565036947490e+04,-3.071823563794776783e+04
1.203096829927884528e+02,9.121603940989371040e+04,-3.656272585145045741e+04
1.212878104967948616e+02,6.951518391557422001e+04,-1.336124596593618626e+05
1.222659380008012704e+02,-4.051884649066803104e+04,-8.527928397568788205e+04
1.232440655048076934e+02,3.711199726090229524e+04,7.502205301024889195e+03
1.242221930088141022e+02,9.090278164096776163e+04,-8.797773060085727775e+04
1.252003205128204968e+02,2.767177909369314420e+03,-9.500398240516080114e+04
1.261784480168269056e+02,3.661276120083193382e+04,-4.343914601190761459e+04
1.271565755208333144e+02,3.168521657916100230e+04,-1.013597584210338973e+05
1.281347030248397516e+02,-2.764733980763087675e+04,-3.822225232648239762e+04
1.291128305288461320e+02,7.631733052162174135e+04,1.474054239069293089e+03
1.300909580328525408e+02,8.428505348635333939e+04,-1.134580077652618638e+05
1.310690855368589780e+02,-1.102989159475689848e+04,-9.100834983852779260e+04
1.320472130408653868e+02,2.646414923533225374e+04,-3.508150361935844558e+04
1.330253405448717956e+02,3.904279152730317583e+04,-6.283732533233155118e+04
1.340034680488782044e+02,4.407843578294388135e+04,-4.170833311988109926e+04
1.349815955528845848e+02,8.016666763747896766e+04,-8.854331248164392309e+04
1.359597230568909936e+02,2.949471157755312447e+02,-1.171158818128888233e+05
1.369378505608974308e+02,-4.336068029714364457e+03,-2.426658813169833593e+04
1.379159780649038396e+02,7.759631947695674899e+04,-4.302880234207417379e+04
1.388941055689102484e+02,5.274483848083572957e+04,-9.005663615184272930e+04
1.398722330729166572e+02,5.724574074035587546e+04,-7.833942205986272893e+04
1.408503605769230660e+02,4.875573257122009090e+04,-1.295337679324902274e+05
1.418284880809294748e+02,-1.673551230479562582e+04,-1.046251393742149521e+05
1.428066155849358836e+02,1.928651466847804477e+04,-6.885357566331796988e+04
1.437847430889422924e+02,-2.713671643548310385e+03,-1.100092319045227923e+05
1.447628705929487012e+02,-3.548967320641046535e+04,-3.298133028165580617e+04
1.457409980969551384e+02,6.902818117661429278e+04,-2.902964827938014059e+04
1.467191256009615472e+02,2.847363821965416719e+04,-1.232586939774866478e+05
1.476972531049679276e+02,-2.079691967130841658e+04,-3.743078371249345219e+04
1.486753806089743364e+02,9.523501045751538186e+04,-5.136649307208573737e+04
1.496535081129807452e+02,2.638730277768436281e+04,-1.696082491048180091e+05
1.506316356169871540e+02,-5.762108795440258109e+04,-7.623122259073609894e+04
1.516097631209935628e+02,2.746309137614149222e+04,-5.785696758935549587e+04
1.525878906250000000e+02,-2.439384813562964700e+04,-1.162804890099510521e+05
1.535660181290064088e+02,-5.165909788600225147e+04,-2.742461310354552188e+04
1.545441456330128176e+02,1.933045308153421865e+04,-3.176587194910239850e+04
1.555222731370192264e+02,-1.389684348646131912e+04,-4.178979298599700996e+04
1.565004006410256352e+02,4.574853645066502941e+04,4.971367776711183978e+03
1.574785281450320440e+02,7.542666490105474077e+04,-1.019052117201450310e+05
1.584566556490384528e+02,-4.327990648236159177e+04,-8.387708495896817476e+04
1.594347831530448616e+02,3.144854989009912242e+04,1.259169970528720296e+04
1.604129106570512420e+02,7.916578574226183991e+04,-9.874875532404855767e+04
1.613910381610576792e+02,-3.144185717965535514e+04,-8.507547836514351366e+04
1.623691656650640880e+02,3.471133428411193745e+04,-1.188156168013271781e+04
1.633472931690704968e+02,4.702134190284847136e+04,-1.013766719481757900e+05
1.643254206730769056e+02,-3.099555106591110598e+04,-5.112149229227114847e+04
1.653035481770833144e+02,5.594761724237890303e+04,-9.439118102877486308e+03
1.662816756810897232e+02,5.143524679396188003e+04,-8.619515219258106663e+04
1.672598031850961320e+02,2.931715736370348895e+04,-4.016939196076535882e+04
1.682379306891025692e+02,9.514061540364287794e+04,-9.071477993219708151e+04
1.692160581931089780e+02,-1.476869229995609930e+04,-1.399354324341722240e+05
1.701941856971153868e+02,-1.417904469862739825e+04,-4.543214306197045516e+03
1.711723132011217956e+02,1.021636777958776511e+05,-6.336944130101506744e+04
1.721504407051282044e+02,4.401129495860577663e+03,-1.147828868367552641e+05
1.731285682091345848e+02,4.541303368664473237e+04,-1.070728295835037898e+04
1.741066957131409936e+02,1.207264635762776161e+05,-1.328037990568808746e+05
1.750848232171474024e+02,-3.616969098336142633e+04,-1.458192609451067110e+05
1.760629507211538112e+02,3.167979754956218676e+04,-7.425090525118603182e+03
1.770410782251602484e+02,1.137130862104934204e+05,-1.395923619729053462e+05
1.780192057291666572e+02,-3.197141859185696740e+04,-1.459736673289515020e+05
1.789973332331730660e+02,3.626450458490679739e+04,-4.207964220311218378e+04
1.799754607371794748e+02,6.730176927888799401e+04,-1.537911553062846069e+05
1.809535882411858836e+02,-2.999521532992480206e+04,-1.089189718416985270e+05
1.819317157451922924e+02,7.395254916655069974e+04,-8.064694222008452925e+04
1.829098432491987012e+02,1.471394394321926484e+04,-2.083736356028355076e+05
1.838879707532051384e+02,-8.653013643894085544e+04,-8.562596859480692365e+04
1.848660982572115472e+02,5.063708785090887250e+04,-5.636480265385026723e+04
1.858442257612179560e+02,-7.437060005911351254e+03,-1.553119330222790886e+05
1.868223532652243364e+02,-2.998544954868728746e+04,-3.535516551215574145e+04
1.878004807692307452e+02,9.482390497764895554e+04,-9.980808882487981464e+04
1.887786082732371540e+02,-3.748100645341788186e+04,-1.657144436881073343e+05
1.897567357772435628e+02,-7.984066774087966223e+03,-7.288293493620505615e+03
1.907348632812499716e+02,1.193368337022823252e+05,-1.184023207935432292e+05
1.917129907852563804e+02,-1.971619140898457408e+04,-1.546063785734817211e+05
1.926911182892628176e+02,6.650339050675088947e+04,-4.818095796376153885e+04
1.936692457932692264e+02,9.326500156747958681e+04,-2.279554762576109497e+05
1.946473732972756352e+02,-9.998059161140809010e+04,-1.445960393084761454e+05
1.956255008012820440e+02,9.347322393901483156e+04,-2.150048552533215479e+04
1.966036283052884528e+02,9.636866558342194185e+04,-2.720919296300480491e+05
1.975817558092948616e+02,-1.169696473426731245e+05,-1.430909192748771748e+05
1.985598833133012704e+02,1.148578561851600680e+05,-5.052426760046950949e+04
1.995380108173076792e+02,5.486966625799103349e+04,-3.055932666045786464e+05
2.005161383213140880e+02,-1.142781898725511710e+05,-1.128239869545516121e+05
2.014942658253204968e+02,1.494155274566947191e+05,-1.094055336875079229e+05
2.024723933293269056e+02,-2.273349734113354862e+04,-3.425381860981444479e+05
2.034505208333333144e+02,-1.158295813715675904e+05,-4.619867362463113386e+04
2.044286483373397232e+02,2.108826176578168233e+05,-1.466284162279523443e+05
2.054067758413461320e+02,-5.055287305473091692e+04,-3.769045786527558812e+05
2.063849033453525408e+02,-6.891610097949401825e+04,-4.090780018705844850e+04
2.073630308493589496e+02,2.342537632730970217e+05,-2.594120596478594525e+05
2.083411583533653868e+02,-1.305822947709893051e+05,-4.066395329641738208e+05
2.093192858573717956e+02,-2.475345550307086887e+04,-3.815183267868037365e+04
2.102974133613782044e+02,2.114651299724501150e+05,-3.801115596905893763e+05
2.112755408653846132e+02,-2.181468694866003643e+05,-3.598796641651755781e+05
2.122536683693909936e+02,1.279523887834646303e+05,-2.277783706595654439e+04
2.132317958733974024e+02,2.392762329203475383e+05,-6.014710008472377667e+05
2.142099233774038112e+02,-3.105251513943061582e+05,-3.776478833327573957e+05
2.151880508814102484e+02,3.034593476826720289e+05,-1.101146307251669787e+05
2.161661783854166572e+02,1.731676734032679233e+05,-9.475173755294358125e+05
2.171443058894230660e+02,-4.611869802667864133e+05,-3.508284962727808743e+05
2.181224333934294748e+02,6.622054626023095334e+05,-3.044017429082713206e+05
2.191005608974358836e+02,4.919265359366874327e+04,-1.696641622372515732e+06
2.200786884014422924e+02,-7.584922679611870553e+05,-3.957745560520474683e+05
2.210568159054487012e+02,1.731966545790808741e+06,-1.169835994973093504e+06
2.220349434094551100e+02,-7.660707211835698690e+05,-5.653683784642636776e+06
2.230130709134615188e+02,-7.326245555449834093e+06,-2.504874558928951621e+06
2.239911984174679560e+02,-4.882169418101807125e+06,4.795289026972993277e+06
2.249693259214743364e+02,1.104336697780618910e+06,3.438919432577591389e+06
2.259474534254807452e+02,1.343166897502463253e+05,2.718010107365983640e+04
2.269255809294871540e+02,-9.369719414939897833e+05,1.332656042075222824e+06
2.279037084334935628e+02,5.962037876031283522e+05,1.104276150044789305e+06
2.288818359374999716e+02,-1.225378918441997230e+05,-4.311600977959509692e+03
2.298599634415063804e+02,-4.239500474886118318e+05,8.864751285052562598e+05
2.308380909455128176e+02,4.287676616529938183e+05,5.528131555227501085e+05
2.318162184495192264e+02,-1.640680698537089047e+05,3.902220012691571173e+04
2.327943459535256352e+02,-1.627150716097789991e+05,6.368671990721600596e+05
2.337724734575320440e+02,2.841263716242194059e+05,2.403041340640709968e+05
2.347506009615384528e+02,-2.346188319298079005e+05,8.984506060255657940e+04
2.357287284655448616e+02,-3.389229488767061412e+04,5.178280373597166617e+05
2.367068559695512704e+02,1.895873417759052245e+05,8.703092762923300324e+04
2.376849834735576508e+02,-2.566314903065719409e+05,1.245882330701159663e+05
2.386631109775640596e+02,1.824306602974462294e+04,4.197936872791606584e+05
2.396412384815704968e+02,8.813485151505662361e+04,3.764519910820510268e+04
2.406193659855769056e+02,-2.317704190890055033e+05,1.958030002301944478e+05
2.415974934895833144e+02,8.361735630315207527e+04,3.397444569589605671e+05
2.425756209935897232e+02,1.890953433570704874e+04,4.278160699692017261e+03
2.435537484975961320e+02,-2.008028010705865745e+05,2.487178689816235856e+05
2.445318760016025408e+02,1.366959090017386770e+05,2.901378971450522658e+05
2.455100035056089496e+02,1.535342488430984304e+04,-9.754002181512079915e+03
2.464881310096153868e+02,-1.328825519565473369e+05,2.150977899675758963e+05
2.474662585136217956e+02,1.100592524022706930e+05,1.737942113237482845e+05
2.484443860176282044e+02,-8.321428684902656823e+04,8.100658754896782739e+03
2.494225135216346132e+02,-1.110050137508464104e+05,2.768696948407756863e+05
2.504006410256409936e+02,1.402283872738224745e+05,1.765652862554547319e+05
2.513787685296474024e+02,-2.648948805676862685e+04,3.337484248109642795e+04
2.523568960336538112e+02,-1.569213228599508693e+04,1.978239388780978916e+05
2.533350235376602200e+02,8.992532329616365314e+04,6.372439384044481267e+04
2.543131510416666288e+02,-8.341396270055724017e+04,5.997448287857317337e+04
2.552912785456730660e+02,2.547711537955201129e+04,1.910344376268742199e+05
2.562694060496795032e+02,6.688162407074114890e+04,1.240420128392439256e+04
2.572475335536858552e+02,-1.013542308793186530e+05,7.439125700063080876e+04
2.582256610576922640e+02,4.497950459939067514e+04,1.615284798300118418e+05
2.592037885616986728e+02,2.092855927689719465e+04,-1.490294513455325250e+04
2.601819160657050816e+02,-1.144787386483591399e+05,1.098295231356178410e+05
2.611600435697114904e+02,6.958295986578091106e+04,1.528203787178365164e+05
2.621381710737179560e+02,1.154735535230458117e+04,-2.774012779851247615e+04
2.631162985777243080e+02,-1.011341140857057471e+05,1.018178605324302043e+05
2.640944260817307736e+02,4.970661576331823017e+04,1.092973521807862126e+05
2.650725535857371256e+02,-4.144656622964210692e+04,-9.001021423715394121e+03
2.660506810897435912e+02,-8.693703882074207650e+04,1.357958957671966054e+05
2.670288085937500000e+02,4.823548209741355095e+04,9.562467495200139820e+04
2.680069360977564088e+02,-6.047725830775238865e+04,2.612054039568106600e+04
2.689850636017628176e+02,-3.888547307177535549e+04,1.639706669294910098e+05
2.699631911057691696e+02,7.806945537608207087e+04,6.545387405410601059e+04
2.709413186097756352e+02,-5.581921388347033644e+04,1.394888096592952934e+04
2.719194461137819872e+02,-2.290096057196058973e+04,1.364578114298869623e+05
2.728975736177884528e+02,5.222181180476508598e+04,3.723695524900543387e+04
2.738757011217948616e+02,-6.697150395895773545e+04,2.746465557932137381e+04
2.748538286258012704e+02,-1.526094013673090558e+04,1.153641021782810421e+05
2.758319561298076792e+02,7.427240847734703493e+03,2.674519263418663832e+04
2.768100836338140880e+02,-8.140228842438868014e+04,7.304535215153005265e+04
2.777882111378204968e+02,7.897657429578624942e+03,1.245343934952592535e+05
2.787663386418269056e+02,-5.552628027257514077e+03,3.175304454160462046e+04
2.797444661458333144e+02,-7.174598649743951682e+04,1.144251451277088199e+05
2.807225936498397232e+02,5.131647538105013518e+04,1.430016806706791103e+05
2.817007211538461320e+02,4.161406894201852265e+04,3.021005151069222484e+04
2.826788486578525408e+02,-2.109550764072065067e+04,7.530333737697418837e+04
2.836569761618589496e+02,4.488480467170516204e+04,8.338023069521394791e+04
2.846351036658653584e+02,2.144854981101986778e+04,2.776251707938610343e+04
2.856132311698717672e+02,6.839712381451174224e+03,5.605554972624153743e+04
2.865913586738781760e+02,2.048803153060507975e+04,2.448315376758390994e+04
2.875694861778845848e+02,-3.485945309261592047e+04,4.139791707378899446e+04
2.885476136818909936e+02,2.150824529758741119e+04,9.192975135889094963e+04
2.895257411858974024e+02,5.007352413173866080e+04,7.183446833350535599e+03
2.905038686899038112e+02,-3.045727395584540864e+04,6.352817777013732666e+03
2.914819961939102768e+02,-4.223428465832241272e+03,4.734305590464384295e+04
2.924601236979166288e+02,-1.884974804101191694e+04,2.942768455835866462e+03
2.934382512019230944e+02,-6.228966655572818127e+04,6.315225707814842463e+04
2.944163787059294464e+02,1.543807697580583590e+04,8.285179698437004117e+04
2.953945062099358552e+02,-3.266958932667955196e+03,2.008745742782657180e+04
2.963726337139422640e+02,-2.707938783037394751e+04,7.503428179145359900e+04
2.973507612179486728e+02,4.382479415615590551e+04,5.216848454674008826e+04
2.983288887219551384e+02,-1.760909622103971924e+04,-4.405357231228278579e+03
2.993070162259614904e+02,-3.533780494398530573e+04,7.692043448833879665e+04
3.002851437299679560e+02,4.106758803352415998e+04,5.044347119300898339e+04
3.012632712339743080e+02,-1.542933512430127485e+04,4.828850398361641965e+03
3.022413987379807736e+02,-1.341788858306582006e+04,6.810388070478504233e+04
3.032195262419871256e+02,3.475367946052435582e+04,2.095281753395950000e+04
3.041976537459935912e+02,-3.544393527926234674e+04,2.568082074091135837e+03
3.051757812500000000e+02,-2.060895805118355565e+04,6.463543965831465175e+04
3.061539087540064088e+02,6.103647455628100943e+03,2.554233626011946035e+04
3.071320362580128176e+02,-4.137859960285182024e+04,4.650107925340071961e+04
3.081101637620191696e+02,1.662735501774448858e+04,8.728712450426595751e+04
3.090882912660256352e+02,3.846532051870542637e+04,2.422486018558627256e+04
3.100664187700319872e+02,6.475376611146179130e+03,3.100201946645532371e+04
3.110445462740384528e+02,4.224633607821359328e+04,1.381485417385448454e+04
3.120226737780448047e+02,-1.739424353541739401e+04,-3.324930335709323845e+04
3.130008012820512704e+02,-4.551688687604360894e+04,4.899145548218112526e+04
3.139789287860576792e+02,3.858107263943237194e+04,3.668112689799917280e+04
3.149570562900640880e+02,-1.077111171587947683e+04,-2.868333628830200905e+04
3.159351837940704968e+02,-3.660303677572251036e+04,3.446923591032543482e+04
3.169133112980769056e+02,1.434969042393536074e+04,9.340209112280483168e+03
3.178914388020833144e+02,-5.202461682526345976e+04,-1.159279467451824712e+04
3.188695663060897232e+02,-3.491619923934112740e+04,6.659260034283288405e+04
3.198476938100961320e+02,2.109311261440248563e+04,1.410405626933283202e+04
3.208258213141024839e+02,-5.119612068099014868e+04,3.129392352907824261e+03
3.218039488181089496e+02,-1.242640848910343630e+04,6.942607156499775010e+04
3.227820763221153584e+02,2.162730450676794862e+04,-6.446840521875322338e+03
3.237602038261217672e+02,-6.711274427913251566e+04,7.336248989028589676e+03
3.247383313301281760e+02,-7.364812549006445806e+03,8.254335349065491755e+04
3.257164588341345848e+02,3.542256025323138601e+04,-3.148514452351701948e+03
3.266945863381409936e+02,-4.436888639857473026e+04,-7.177474129188695770e+03
3.276727138421474024e+02,-1.533854580915964652e+04,3.593940916242005187e+04
3.286508413461538112e+02,-2.459705796035665117e+04,-1.136476032899605525e+04
3.296289688501602768e+02,-7.004242835572137847e+04,4.415432208487533353e+04
3.306070963541666288e+02,8.150555435585400119e+03,6.799783106455151574e+04
3.315852238581730944e+02,-1.372041045254016126e+03,-3.502174559619300453e+03
3.325633513621794464e+02,-4.313752996873092343e+04,3.740957076846175187e+04
3.335414788661858552e+02,1.360774826773447603e+04,4.034084469031590561e+04
3.345196063701922640e+02,-1.584402978304983117e+04,-9.860456781388025775e+03
3.354977338741986728e+02,-4.033085682892135810e+04,3.366465314956632210e+04
3.364758613782051384e+02,-5.631677325786124129e+03,2.476937696236698321e+04
3.374539888822114904e+02,-4.119973901017259050e+04,1.783652828757146563e+04
3.384321163862179560e+02,-1.234545629965718945e+04,6.229593721292261762e+04
3.394102438902243080e+02,1.996147108594555539e+04,3.250839385357325682e+03
3.403883713942307736e+02,-5.238832524828754686e+04,-1.801989438188000577e+03
3.413664988982371256e+02,-2.745954849457771707e+04,6.151057674464862794e+04
3.423446264022435912e+02,6.508461009795072641e+03,1.632121368634686587e+04
3.433227539062499432e+02,-4.278406303841762565e+04,2.210407673413401062e+04
3.443008814102564088e+02,-2.378268215595157017e+03,6.044039886566268979e+04
3.452790089142628176e+02,1.578119144913119817e+04,5.299553737397016448e+03
3.462571364182691696e+02,-2.811613969115170403e+04,9.118223210547423150e+03
3.472352639222756352e+02,-7.880873430539392757e+03,2.199956602236444451e+04
3.482133914262819872e+02,-3.038602339727426806e+04,-3.291275873491867515e+03
3.491915189302884528e+02,-4.696486674585266883e+04,4.165799802913175517e+04
3.501696464342948047e+02,-3.662252708019783313e+03,3.764220796615783183e+04
3.511477739383012704e+02,-3.372942203426295600e+04,1.918175534446454913e+04
3.521259014423076223e+02,-1.651904300576442256e+04,6.967706884884697502e+04
3.531040289463140880e+02,3.620218549480375077e+04,2.130902372805129198e+04
3.540821564503204968e+02,-2.982183151690764862e+04,-1.003774299479834190e+04
3.550602839543269056e+02,-2.532345304546597617e+04,5.834626863183821115e+04
3.560384114583333144e+02,2.971744491566107536e+04,2.274575675609099562e+04
3.570165389623397232e+02,-1.732418260202754391e+04,-2.960471156819683983e+03
3.579946664663461320e+02,-3.744697434299494944e+03,3.464732432413915376e+04
3.589727939703524839e+02,1.191385467683716161e+04,-1.307838034327227797e+04
3.599509214743589496e+02,-4.930837319462392770e+04,-3.144203328694952233e+03
3.609290489783653584e+02,-1.704313585240119210e+04,4.672669202218265855e+04
3.619071764823717672e+02,5.811382753079910799e+03,2.820823696031612599e+03
3.628853039863781760e+02,-3.218003337945275416e+04,7.935344695193233747e+03
3.638634314903845848e+02,-1.000670527976714766e+04,2.146092837125641017e+04
3.648415589943909936e+02,-3.173299176689958040e+04,-1.523917301961602789e+03
3.658196864983974024e+02,-4.074326787678625988e+04,5.231876931127549324e+04
3.667978140024038112e+02,2.790335758088450530e+04,3.882320261177667271e+04
3.677759415064102768e+02,-9.239512724539026749e+03,-1.992598393190073693e+04
3.687540690104166288e+02,-3.825899605184799293e+04,3.550599824887057184e+04
3.697321965144230944e+02,2.333640350829583622e+04,3.048419567033623389e+04
3.707103240184294464e+02,-4.094527427497459485e+03,-1.866829591221779265e+04
3.716884515224359120e+02,-2.218411909901457693e+04,1.330880491633667953e+04
3.726665790264422640e+02,-3.960108096691966750e+01,-6.420607778220095497e+03
3.736447065304486728e+02,-4.571102183677552966e+04,-9.851085337514379717e+03
3.746228340344550816e+02,-2.517273219948198312e+04,3.793742027566768957e+04
3.756009615384614904e+02,3.880529179694539835e+03,-6.226264353212372043e+03
3.765790890424679560e+02,-5.301599119665059698e+04,-8.707671449711724563e+03
3.775572165464743080e+02,-3.311700540674528747e+04,3.999190981151683081e+04
3.785353440504807736e+02,-1.368363590241515158e+04,7.275534718812416031e+03
3.795134715544871256e+02,-4.875225108079775237e+04,2.557997913568001968e+04
3.804915990584935912e+02,-2.291677266523945036e+03,5.240805828033969010e+04
3.814697265624999432e+02,6.512203758481875411e+03,-2.131035645801599401e+02
3.824478540665064088e+02,-2.983246646957405028e+04,1.423094286653772724e+04
3.834259815705127608e+02,3.970660125520998008e+03,2.172826766626694734e+04
3.844041090745192264e+02,-1.649416747624992422e+04,-1.741464516303356868e+04
3.853822365785256352e+02,-4.162101736182863533e+04,1.987423964503792376e+04
3.863603640825319872e+02,-2.072734988326653365e+03,1.523667934481016891e+04
3.873384915865384528e+02,-3.983358166078243812e+04,-1.495884300263072146e+04
3.883166190905448047e+02,-5.471463781104345981e+04,4.319681674588714668e+04
3.892947465945512704e+02,-7.623161083513525682e+01,4.112605248900922015e+04
3.902728740985576223e+02,-1.830799036979777520e+04,1.262139258056031031e+04
3.912510016025640880e+02,-1.195463590713343729e+04,4.256092569094521605e+04
3.922291291065704968e+02,1.878944283548762178e+04,9.914142647361244599e+03
3.932072566105769056e+02,-2.222989979745722303e+04,-6.027818915145358005e+03
3.941853841145833144e+02,-1.165872152013801497e+04,2.759805035206909815e+04
3.951635116185897232e+02,6.847431629673335920e+03,-8.200725108659224134e+03
3.961416391225961320e+02,-3.899413037581031676e+04,-1.073281649578388351e+04
3.971197666266025408e+02,-2.850906944380110872e+04,2.476530412833315495e+04
3.980978941306089496e+02,-1.738594979068679095e+04,6.956647945701029130e+03
3.990760216346153584e+02,-3.401658040700369020e+04,2.119862102737762325e+04
4.000541491386217672e+02,-5.189432798685479611e+03,2.677415121172030194e+04
4.010322766426281760e+02,-1.781305843736294264e+04,-1.250917455429824486e+03
4.020104041466345848e+02,-3.282487513101633522e+04,2.875390298738165075e+04
4.029885316506409936e+02,3.648045834508344797e+03,2.530884169834955537e+04
4.039666591546474024e+02,-1.765144113187571929e+04,-1.323571697395391311e+03
4.049447866586538112e+02,-2.224447632355486712e+04,3.228111067769573856e+04
4.059229141626602200e+02,1.303950842321341588e+04,1.347906586884666285e+04
4.069010416666666288e+02,-2.062286429032354499e+04,-9.886167019521313705e+03
4.078791691706730944e+02,-2.198087471282544357e+04,2.564340036696537209e+04
4.088572966746794464e+02,2.269697504413458319e+03,4.563928313450404858e+03
4.098354241786859120e+02,-3.229908534265082199e+04,1.933848451183097040e+03
4.108135516826922640e+02,-9.986998295891624366e+03,3.733643841488855105e+04
4.117916791866986728e+02,1.487959470881039852e+04,-2.765806998947015472e+03
4.127698066907050816e+02,-2.784338604039317579e+04,-9.164528083392853659e+03
4.137479341947114904e+02,-1.347861572632356365e+04,2.115636471620391603e+04
4.147260616987178992e+02,-3.302919418446746931e+03,-7.780247251881763077e+03
4.157041892027243080e+02,-3.280478134122582560e+04,1.479598381871870060e+03
4.166823167067307736e+02,-1.046143210446294870e+04,1.635766558338453615e+04
4.176604442107371256e+02,-1.810072115114090411e+04,-9.572279844320659322e+03
4.186385717147435912e+02,-3.651548207049088523e+04,1.744224843470543419e+04
4.196166992187499432e+02,-1.089597730774098181e+03,1.853831871029247850e+04
4.205948267227564088e+02,-2.089471432560046742e+04,-1.312097600965797574e+04
4.215729542267627608e+02,-4.018501621711521875e+04,2.112572463586221420e+04
4.225510817307692264e+02,-6.314393488653419809e+03,2.398473483168075472e+04
4.235292092347756352e+02,-1.984422369887622335e+04,5.709263039439159002e+03
4.245073367387819872e+02,-1.579375676788790406e+04,3.040648060637159506e+04
4.254854642427884528e+02,8.591508708971368833e+03,8.463741053685644147e+03
4.264635917467948047e+02,-2.043359104405533071e+04,-1.226524581281195879e+03
4.274417192508012704e+02,-6.115816120038143708e+03,2.416906380328656451e+04
4.284198467548076223e+02,8.066624797830939315e+03,-1.212483647279212528e+04
4.293979742588140880e+02,-3.778203766065181117e+04,-1.123198713862401564e+04
4.303761017628204968e+02,-2.268225384518118517e+04,2.784503222485012884e+04
4.313542292668269056e+02,-3.894973797984260727e+03,4.524823252978409073e+03
4.323323567708333144e+02,-2.691848871832964869e+04,1.202338043720730093e+04
4.333104842748397232e+02,2.575813121154711553e+03,2.767933995449680515e+04
4.342886117788461320e+02,7.170136959245246544e+03,-1.024110153185667696e+04
4.352667392828525408e+02,-2.271509926158811140e+04,-3.486036422830906304e+03
4.362448667868589496e+02,-8.247308868083442576e+03,7.375370753625664292e+03
4.372229942908653015e+02,-1.759733460597791782e+04,-6.946604121217744250e+03
4.382011217948717672e+02,-2.251372820685354600e+04,1.536513752193189794e+04
4.391792492988781760e+02,8.582442966280871133e+02,5.462200880321950535e+03
4.401573768028845848e+02,-2.229131240987953061e+04,-6.232100590946548436e+03
4.411355043068909936e+02,-1.313995132872590511e+04,2.298279514685147296e+04
4.421136318108974024e+02,1.296336583146941484e+04,-7.991017346116358567e+03
4.430917593149038112e+02,-3.096587074793141073e+04,-2.264296519205873483e+04
4.440698868189102200e+02,-2.847307144736992268e+04,1.927135833049104986e+04
4.450480143229166288e+02,-2.241470917670832023e+03,-1.435867584029203954e+03
4.460261418269230376e+02,-3.566624626796314260e+04,-5.935550528555395431e+03
4.470042693309294464e+02,-2.129038380177363797e+04,2.839702710809897690e+04
4.479823968349359120e+02,3.813192524006582858e+02,3.267129183909309631e+03
4.489605243389422640e+02,-2.656784334159655918e+04,1.980301731485315486e+03
4.499386518429486728e+02,-1.061907484321202719e+04,2.263496031582173600e+04
4.509167793469550816e+02,-3.283585304519323927e+03,8.804237053466443967e+02
4.518949068509614904e+02,-1.912593152352202014e+04,9.960384508907520285e+03
4.528730343549678992e+02,1.199813340439890453e+03,1.348920563711254545e+04
4.538511618589743080e+02,-9.021319542624883979e+03,-5.210874449853720762e+03
4.548292893629807736e+02,-1.329836717682312883e+04,1.704701076871186524e+04
4.558074168669871256e+02,1.515529412657009743e+04,2.437024821495826927e+03
4.567855443709935912e+02,-1.316457518461324071e+04,-2.150852662288456850e+04
4.577636718749999432e+02,-2.118079686583327202e+04,1.027259090691380698e+04
4.587417993790064088e+02,3.232359977748677466e+03,-3.040979428730066047e+03
4.597199268830127608e+02,-2.779632934865846255e+04,-1.126240603447442300e+04
4.606980543870192264e+02,-1.573778705793281006e+04,2.723395484385245436e+04
4.616761818910256352e+02,1.770063878612287226e+04,-2.105014619259703068e+03
4.626543093950319872e+02,-1.977823507516885002e+04,-1.988521539470675998e+04
4.636324368990384528e+02,-1.735886268238510820e+04,1.448391653906459760e+04
4.646105644030448047e+02,4.452296257610070825e+03,-4.274300989555196793e+03
4.655886919070512704e+02,-2.040343897366165038e+04,-8.495561393448957460e+03
4.665668194110576223e+02,-8.564948390886227571e+03,1.091330340630554929e+04
4.675449469150640880e+02,-3.347743944465956247e+03,-8.569104011127074045e+03
4.685230744190704399e+02,-1.900892435938436029e+04,4.318586163839439905e+03
4.695012019230769056e+02,9.407799614915993516e+03,7.719942819996801518e+03
4.704793294270833144e+02,-1.627354259453021314e+03,-2.666543108518566805e+04
4.714574569310897232e+02,-2.911543675099207030e+04,-4.264890281585513549e+03
4.724355844350961320e+02,-1.764253470976896097e+03,7.101987826600848166e+03
4.734137119391025408e+02,-7.502515722601749985e+03,-1.640458986764520523e+04
4.743918394431089496e+02,-1.826319711226455547e+04,2.702573593682512865e+02
4.753699669471153015e+02,6.046482729998896843e+01,-6.077409467822561055e+03
4.763480944511217672e+02,-1.982500496548951196e+04,-1.670820648230138249e+04
4.773262219551281191e+02,-1.545028861159855296e+04,6.890085974423934204e+03
4.783043494591345848e+02,1.266333991267579449e+03,-1.495248293270226168e+04
4.792824769631409936e+02,-3.317158955426132889e+04,-1.808886767099468489e+04
4.802606044671474024e+02,-2.130790598556107216e+04,1.779588276322159072e+04
4.812387319711538112e+02,3.969754385164736505e+03,-5.737933853904175521e+03
4.822168594751602200e+02,-2.365056994022986692e+04,-1.359042142957942087e+04
4.831949869791666288e+02,-1.484561260441662307e+04,7.321574399879110388e+03
4.841731144831730376e+02,-1.104272348256628538e+04,-1.215516850309800066e+04
4.851512419871794464e+02,-3.371067919980567240e+04,5.447368481404138038e+03
4.861293694911859120e+02,-6.105414639661553622e+01,2.413436667822491290e+04
4.871074969951922640e+02,8.415371436147624991e+03,-1.295190212853657249e+04
4.880856244991986728e+02,-1.888519455822312375e+04,-7.985996652956319849e+03
4.890637520032050816e+02,-2.930764031611335668e+03,1.030713118162887895e+03
4.900418795072114904e+02,-1.459290597506791710e+04,-1.830824997010178777e+04
4.910200070112178992e+02,-2.917053113523725551e+04,1.069354836136704944e+04
4.919981345152243080e+02,8.414512041102687363e+03,1.625238259152450337e+04
4.929762620192307736e+02,5.194893820664495252e+03,-1.783011991956022757e+04
4.939543895232371256e+02,-1.504222023132194408e+04,-8.771604530406872072e+03
4.949325170272435912e+02,-4.479270114218043091e+03,-6.137156999895155423e+03
4.959106445312499432e+02,-1.590814645345460667e+04,-1.359753468071177304e+04
4.968887720352564088e+02,-1.776873077254985037e+04,3.941182652412608604e+03
4.978668995392627608e+02,-3.194171365205655547e+03,1.896163456929738686e+03
4.988450270432692264e+02,-4.238473362670148163e+03,-2.210241553404932347e+03
4.998231545472755784e+02,5.188732654942406953e+03,-6.809593157160504234e+03
